palabra,pagina,cantidad,fechaini,fechafin
eturn,https://www.woodmac.com/press-releases/production-vaca-muerta-reach-113-kboed-2018/,1,20170504,20170504
media,https://www.woodmac.com/press-releases/production-vaca-muerta-reach-113-kboed-2018/,1,20170504,20170504
centre,https://www.woodmac.com/press-releases/production-vaca-muerta-reach-113-kboed-2018/,1,20170504,20170504
this,https://www.woodmac.com/press-releases/production-vaca-muerta-reach-113-kboed-2018/,1,20170504,20170504
release,https://www.woodmac.com/press-releases/production-vaca-muerta-reach-113-kboed-2018/,1,20170504,20170504
based,https://www.woodmac.com/press-releases/production-vaca-muerta-reach-113-kboed-2018/,1,20170504,20170504
vaca,https://www.woodmac.com/press-releases/production-vaca-muerta-reach-113-kboed-2018/,1,20170504,20170504
muerta,https://www.woodmac.com/press-releases/production-vaca-muerta-reach-113-kboed-2018/,1,20170504,20170504
development,https://www.woodmac.com/press-releases/production-vaca-muerta-reach-113-kboed-2018/,1,20170504,20170504
study,https://www.woodmac.com/press-releases/production-vaca-muerta-reach-113-kboed-2018/,1,20170504,20170504
investors,https://www.woodmac.com/press-releases/production-vaca-muerta-reach-113-kboed-2018/,1,20170504,20170504
looks,https://www.woodmac.com/press-releases/production-vaca-muerta-reach-113-kboed-2018/,1,20170504,20170504
next,https://www.woodmac.com/press-releases/production-vaca-muerta-reach-113-kboed-2018/,1,20170504,20170504
unconventional,https://www.woodmac.com/press-releases/production-vaca-muerta-reach-113-kboed-2018/,1,20170504,20170504
opportunity,https://www.woodmac.com/press-releases/production-vaca-muerta-reach-113-kboed-2018/,1,20170504,20170504
will,https://www.woodmac.com/press-releases/production-vaca-muerta-reach-113-kboed-2018/,1,20170504,20170504
argentina,https://www.woodmac.com/press-releases/production-vaca-muerta-reach-113-kboed-2018/,1,20170504,20170504
able,https://www.woodmac.com/press-releases/production-vaca-muerta-reach-113-kboed-2018/,1,20170504,20170504
attract,https://www.woodmac.com/press-releases/production-vaca-muerta-reach-113-kboed-2018/,1,20170504,20170504
enough,https://www.woodmac.com/press-releases/production-vaca-muerta-reach-113-kboed-2018/,1,20170504,20170504
investment,https://www.woodmac.com/press-releases/production-vaca-muerta-reach-113-kboed-2018/,1,20170504,20170504
exploit,https://www.woodmac.com/press-releases/production-vaca-muerta-reach-113-kboed-2018/,1,20170504,20170504
shales,https://www.woodmac.com/press-releases/production-vaca-muerta-reach-113-kboed-2018/,1,20170504,20170504
full,https://www.woodmac.com/press-releases/production-vaca-muerta-reach-113-kboed-2018/,1,20170504,20170504
potential,https://www.woodmac.com/press-releases/production-vaca-muerta-reach-113-kboed-2018/,1,20170504,20170504
this,https://www.woodmac.com/press-releases/production-vaca-muerta-reach-113-kboed-2018/,1,20170504,20170504
report,https://www.woodmac.com/press-releases/production-vaca-muerta-reach-113-kboed-2018/,1,20170504,20170504
provides,https://www.woodmac.com/press-releases/production-vaca-muerta-reach-113-kboed-2018/,1,20170504,20170504
groundbreaking,https://www.woodmac.com/press-releases/production-vaca-muerta-reach-113-kboed-2018/,1,20170504,20170504
wellbywell,https://www.woodmac.com/press-releases/production-vaca-muerta-reach-113-kboed-2018/,1,20170504,20170504
analysis,https://www.woodmac.com/press-releases/production-vaca-muerta-reach-113-kboed-2018/,1,20170504,20170504
production,https://www.woodmac.com/press-releases/production-vaca-muerta-reach-113-kboed-2018/,1,20170504,20170504
well,https://www.woodmac.com/press-releases/production-vaca-muerta-reach-113-kboed-2018/,1,20170504,20170504
performance,https://www.woodmac.com/press-releases/production-vaca-muerta-reach-113-kboed-2018/,1,20170504,20170504
economics,https://www.woodmac.com/press-releases/production-vaca-muerta-reach-113-kboed-2018/,1,20170504,20170504
learn,https://www.woodmac.com/press-releases/production-vaca-muerta-reach-113-kboed-2018/,1,20170504,20170504
more,https://www.woodmac.com/press-releases/production-vaca-muerta-reach-113-kboed-2018/,1,20170504,20170504
related,https://www.woodmac.com/press-releases/production-vaca-muerta-reach-113-kboed-2018/,1,20170504,20170504
content,https://www.woodmac.com/press-releases/production-vaca-muerta-reach-113-kboed-2018/,1,20170504,20170504
edge,https://www.woodmac.com/press-releases/production-vaca-muerta-reach-113-kboed-2018/,1,20170504,20170504
positioning,https://www.woodmac.com/press-releases/production-vaca-muerta-reach-113-kboed-2018/,1,20170504,20170504
energy,https://www.woodmac.com/press-releases/production-vaca-muerta-reach-113-kboed-2018/,1,20170504,20170504
transition,https://www.woodmac.com/press-releases/production-vaca-muerta-reach-113-kboed-2018/,1,20170504,20170504
deal,https://www.woodmac.com/press-releases/production-vaca-muerta-reach-113-kboed-2018/,1,20170504,20170504
insight,https://www.woodmac.com/press-releases/production-vaca-muerta-reach-113-kboed-2018/,1,20170504,20170504
vista,https://www.woodmac.com/press-releases/production-vaca-muerta-reach-113-kboed-2018/,1,20170504,20170504
gains,https://www.woodmac.com/press-releases/production-vaca-muerta-reach-113-kboed-2018/,1,20170504,20170504
vaca,https://www.woodmac.com/press-releases/production-vaca-muerta-reach-113-kboed-2018/,1,20170504,20170504
muerta,https://www.woodmac.com/press-releases/production-vaca-muerta-reach-113-kboed-2018/,1,20170504,20170504
exposure,https://www.woodmac.com/press-releases/production-vaca-muerta-reach-113-kboed-2018/,1,20170504,20170504
pampa,https://www.woodmac.com/press-releases/production-vaca-muerta-reach-113-kboed-2018/,1,20170504,20170504
energia,https://www.woodmac.com/press-releases/production-vaca-muerta-reach-113-kboed-2018/,1,20170504,20170504
deal,https://www.woodmac.com/press-releases/production-vaca-muerta-reach-113-kboed-2018/,1,20170504,20170504
quick,https://www.woodmac.com/press-releases/production-vaca-muerta-reach-113-kboed-2018/,1,20170504,20170504
view,https://www.woodmac.com/press-releases/production-vaca-muerta-reach-113-kboed-2018/,1,20170504,20170504
this,https://www.woodmac.com/press-releases/production-vaca-muerta-reach-113-kboed-2018/,1,20170504,20170504
report,https://www.woodmac.com/press-releases/production-vaca-muerta-reach-113-kboed-2018/,1,20170504,20170504
from,https://www.woodmac.com/press-releases/production-vaca-muerta-reach-113-kboed-2018/,1,20170504,20170504
view,https://www.woodmac.com/press-releases/production-vaca-muerta-reach-113-kboed-2018/,1,20170504,20170504
more,https://www.woodmac.com/press-releases/production-vaca-muerta-reach-113-kboed-2018/,1,20170504,20170504
details,https://www.woodmac.com/press-releases/production-vaca-muerta-reach-113-kboed-2018/,1,20170504,20170504
enquire,https://www.woodmac.com/press-releases/production-vaca-muerta-reach-113-kboed-2018/,1,20170504,20170504
about,https://www.woodmac.com/press-releases/production-vaca-muerta-reach-113-kboed-2018/,1,20170504,20170504
subscriptions,https://www.woodmac.com/press-releases/production-vaca-muerta-reach-113-kboed-2018/,1,20170504,20170504
already,https://www.woodmac.com/press-releases/production-vaca-muerta-reach-113-kboed-2018/,1,20170504,20170504
have,https://www.woodmac.com/press-releases/production-vaca-muerta-reach-113-kboed-2018/,1,20170504,20170504
subscription,https://www.woodmac.com/press-releases/production-vaca-muerta-reach-113-kboed-2018/,1,20170504,20170504
sign,https://www.woodmac.com/press-releases/production-vaca-muerta-reach-113-kboed-2018/,1,20170504,20170504
edge,https://www.woodmac.com/press-releases/production-vaca-muerta-reach-113-kboed-2018/,1,20170504,20170504
upstream,https://www.woodmac.com/press-releases/production-vaca-muerta-reach-113-kboed-2018/,1,20170504,20170504
kpis,https://www.woodmac.com/press-releases/production-vaca-muerta-reach-113-kboed-2018/,1,20170504,20170504
turn,https://www.woodmac.com/press-releases/production-vaca-muerta-reach-113-kboed-2018/,1,20170504,20170504
positive,https://www.woodmac.com/press-releases/production-vaca-muerta-reach-113-kboed-2018/,1,20170504,20170504
edge,https://www.woodmac.com/press-releases/production-vaca-muerta-reach-113-kboed-2018/,1,20170504,20170504
commodity,https://www.woodmac.com/press-releases/production-vaca-muerta-reach-113-kboed-2018/,1,20170504,20170504
upcycle,https://www.woodmac.com/press-releases/production-vaca-muerta-reach-113-kboed-2018/,1,20170504,20170504
dollars,https://www.woodmac.com/press-releases/production-vaca-muerta-reach-113-kboed-2018/,1,20170504,20170504
bull,https://www.woodmac.com/press-releases/production-vaca-muerta-reach-113-kboed-2018/,1,20170504,20170504
implications,https://www.woodmac.com/press-releases/production-vaca-muerta-reach-113-kboed-2018/,1,20170504,20170504
mining,https://www.woodmac.com/press-releases/production-vaca-muerta-reach-113-kboed-2018/,1,20170504,20170504
producers,https://www.woodmac.com/press-releases/production-vaca-muerta-reach-113-kboed-2018/,1,20170504,20170504
edge,https://www.woodmac.com/press-releases/production-vaca-muerta-reach-113-kboed-2018/,1,20170504,20170504
deep,https://www.woodmac.com/press-releases/production-vaca-muerta-reach-113-kboed-2018/,1,20170504,20170504
water,https://www.woodmac.com/press-releases/production-vaca-muerta-reach-113-kboed-2018/,1,20170504,20170504
projects,https://www.woodmac.com/press-releases/production-vaca-muerta-reach-113-kboed-2018/,1,20170504,20170504
compete,https://www.woodmac.com/press-releases/production-vaca-muerta-reach-113-kboed-2018/,1,20170504,20170504
with,https://www.woodmac.com/press-releases/production-vaca-muerta-reach-113-kboed-2018/,1,20170504,20170504
tight,https://www.woodmac.com/press-releases/production-vaca-muerta-reach-113-kboed-2018/,1,20170504,20170504
more,https://www.woodmac.com/press-releases/production-vaca-muerta-reach-113-kboed-2018/,1,20170504,20170504
progress,https://www.woodmac.com/press-releases/production-vaca-muerta-reach-113-kboed-2018/,1,20170504,20170504
costs,https://www.woodmac.com/press-releases/production-vaca-muerta-reach-113-kboed-2018/,1,20170504,20170504
tight,https://www.woodmac.com/press-releases/production-vaca-muerta-reach-113-kboed-2018/,1,20170504,20170504
money,https://www.woodmac.com/press-releases/production-vaca-muerta-reach-113-kboed-2018/,1,20170504,20170504
leading,https://www.woodmac.com/press-releases/production-vaca-muerta-reach-113-kboed-2018/,1,20170504,20170504
research,https://www.woodmac.com/press-releases/production-vaca-muerta-reach-113-kboed-2018/,1,20170504,20170504
consultancy,https://www.woodmac.com/press-releases/production-vaca-muerta-reach-113-kboed-2018/,1,20170504,20170504
distribuidora,https://www.energia16.com/argentina-three-new-solar-power-projects-to-contribute-145-mw/?lang=en,1,20170504,20170504
electricidad,https://www.energia16.com/argentina-three-new-solar-power-projects-to-contribute-145-mw/?lang=en,1,20170504,20170504
mendoza,https://www.energia16.com/argentina-three-new-solar-power-projects-to-contribute-145-mw/?lang=en,1,20170504,20170504
meanwhile,https://www.energia16.com/argentina-three-new-solar-power-projects-to-contribute-145-mw/?lang=en,1,20170504,20170504
fieldfare,https://www.energia16.com/argentina-three-new-solar-power-projects-to-contribute-145-mw/?lang=en,1,20170504,20170504
will,https://www.energia16.com/argentina-three-new-solar-power-projects-to-contribute-145-mw/?lang=en,1,20170504,20170504
contribute,https://www.energia16.com/argentina-three-new-solar-power-projects-to-contribute-145-mw/?lang=en,1,20170504,20170504
from,https://www.energia16.com/argentina-three-new-solar-power-projects-to-contribute-145-mw/?lang=en,1,20170504,20170504
facility,https://www.energia16.com/argentina-three-new-solar-power-projects-to-contribute-145-mw/?lang=en,1,20170504,20170504
installed,https://www.energia16.com/argentina-three-new-solar-power-projects-to-contribute-145-mw/?lang=en,1,20170504,20170504
department,https://www.energia16.com/argentina-three-new-solar-power-projects-to-contribute-145-mw/?lang=en,1,20170504,20170504
andes,https://www.energia16.com/argentina-three-new-solar-power-projects-to-contribute-145-mw/?lang=en,1,20170504,20170504
salta,https://www.energia16.com/argentina-three-new-solar-power-projects-to-contribute-145-mw/?lang=en,1,20170504,20170504
connected,https://www.energia16.com/argentina-three-new-solar-power-projects-to-contribute-145-mw/?lang=en,1,20170504,20170504
argentinas,https://www.energia16.com/argentina-three-new-solar-power-projects-to-contribute-145-mw/?lang=en,1,20170504,20170504
interconnection,https://www.energia16.com/argentina-three-new-solar-power-projects-to-contribute-145-mw/?lang=en,1,20170504,20170504
system,https://www.energia16.com/argentina-three-new-solar-power-projects-to-contribute-145-mw/?lang=en,1,20170504,20170504
through,https://www.energia16.com/argentina-three-new-solar-power-projects-to-contribute-145-mw/?lang=en,1,20170504,20170504
cobosandes,https://www.energia16.com/argentina-three-new-solar-power-projects-to-contribute-145-mw/?lang=en,1,20170504,20170504
high,https://www.energia16.com/argentina-three-new-solar-power-projects-to-contribute-145-mw/?lang=en,1,20170504,20170504
voltage,https://www.energia16.com/argentina-three-new-solar-power-projects-to-contribute-145-mw/?lang=en,1,20170504,20170504
power,https://www.energia16.com/argentina-three-new-solar-power-projects-to-contribute-145-mw/?lang=en,1,20170504,20170504
line,https://www.energia16.com/argentina-three-new-solar-power-projects-to-contribute-145-mw/?lang=en,1,20170504,20170504
operated,https://www.energia16.com/argentina-three-new-solar-power-projects-to-contribute-145-mw/?lang=en,1,20170504,20170504
international,https://www.energia16.com/argentina-three-new-solar-power-projects-to-contribute-145-mw/?lang=en,1,20170504,20170504
transporter,https://www.energia16.com/argentina-three-new-solar-power-projects-to-contribute-145-mw/?lang=en,1,20170504,20170504
interandes,https://www.energia16.com/argentina-three-new-solar-power-projects-to-contribute-145-mw/?lang=en,1,20170504,20170504
supply,https://www.energia16.com/argentina-three-new-solar-power-projects-to-contribute-145-mw/?lang=en,1,20170504,20170504
from,https://www.energia16.com/argentina-three-new-solar-power-projects-to-contribute-145-mw/?lang=en,1,20170504,20170504
these,https://www.energia16.com/argentina-three-new-solar-power-projects-to-contribute-145-mw/?lang=en,1,20170504,20170504
three,https://www.energia16.com/argentina-three-new-solar-power-projects-to-contribute-145-mw/?lang=en,1,20170504,20170504
projects,https://www.energia16.com/argentina-three-new-solar-power-projects-to-contribute-145-mw/?lang=en,1,20170504,20170504
similar,https://www.energia16.com/argentina-three-new-solar-power-projects-to-contribute-145-mw/?lang=en,1,20170504,20170504
that,https://www.energia16.com/argentina-three-new-solar-power-projects-to-contribute-145-mw/?lang=en,1,20170504,20170504
small,https://www.energia16.com/argentina-three-new-solar-power-projects-to-contribute-145-mw/?lang=en,1,20170504,20170504
thermoelectric,https://www.energia16.com/argentina-three-new-solar-power-projects-to-contribute-145-mw/?lang=en,1,20170504,20170504
power,https://www.energia16.com/argentina-three-new-solar-power-projects-to-contribute-145-mw/?lang=en,1,20170504,20170504
plant,https://www.energia16.com/argentina-three-new-solar-power-projects-to-contribute-145-mw/?lang=en,1,20170504,20170504
even,https://www.energia16.com/argentina-three-new-solar-power-projects-to-contribute-145-mw/?lang=en,1,20170504,20170504
though,https://www.energia16.com/argentina-three-new-solar-power-projects-to-contribute-145-mw/?lang=en,1,20170504,20170504
vastly,https://www.energia16.com/argentina-three-new-solar-power-projects-to-contribute-145-mw/?lang=en,1,20170504,20170504
exceeds,https://www.energia16.com/argentina-three-new-solar-power-projects-to-contribute-145-mw/?lang=en,1,20170504,20170504
electricity,https://www.energia16.com/argentina-three-new-solar-power-projects-to-contribute-145-mw/?lang=en,1,20170504,20170504
generated,https://www.energia16.com/argentina-three-new-solar-power-projects-to-contribute-145-mw/?lang=en,1,20170504,20170504
others,https://www.energia16.com/argentina-three-new-solar-power-projects-to-contribute-145-mw/?lang=en,1,20170504,20170504
such,https://www.energia16.com/argentina-three-new-solar-power-projects-to-contribute-145-mw/?lang=en,1,20170504,20170504
pampa,https://www.energia16.com/argentina-three-new-solar-power-projects-to-contribute-145-mw/?lang=en,1,20170504,20170504
energia,https://www.energia16.com/argentina-three-new-solar-power-projects-to-contribute-145-mw/?lang=en,1,20170504,20170504
like,https://www.energia16.com/argentina-three-new-solar-power-projects-to-contribute-145-mw/?lang=en,1,20170504,20170504
piquirenda,https://www.energia16.com/argentina-three-new-solar-power-projects-to-contribute-145-mw/?lang=en,1,20170504,20170504
salta,https://www.energia16.com/argentina-three-new-solar-power-projects-to-contribute-145-mw/?lang=en,1,20170504,20170504
with,https://www.energia16.com/argentina-three-new-solar-power-projects-to-contribute-145-mw/?lang=en,1,20170504,20170504
albanesi,https://www.energia16.com/argentina-three-new-solar-power-projects-to-contribute-145-mw/?lang=en,1,20170504,20170504
riojana,https://www.energia16.com/argentina-three-new-solar-power-projects-to-contribute-145-mw/?lang=en,1,20170504,20170504
rioja,https://www.energia16.com/argentina-three-new-solar-power-projects-to-contribute-145-mw/?lang=en,1,20170504,20170504
with,https://www.energia16.com/argentina-three-new-solar-power-projects-to-contribute-145-mw/?lang=en,1,20170504,20170504
generacion,https://www.energia16.com/argentina-three-new-solar-power-projects-to-contribute-145-mw/?lang=en,1,20170504,20170504
frias,https://www.energia16.com/argentina-three-new-solar-power-projects-to-contribute-145-mw/?lang=en,1,20170504,20170504
banda,https://www.energia16.com/argentina-three-new-solar-power-projects-to-contribute-145-mw/?lang=en,1,20170504,20170504
santiago,https://www.energia16.com/argentina-three-new-solar-power-projects-to-contribute-145-mw/?lang=en,1,20170504,20170504
estero,https://www.energia16.com/argentina-three-new-solar-power-projects-to-contribute-145-mw/?lang=en,1,20170504,20170504
with,https://www.energia16.com/argentina-three-new-solar-power-projects-to-contribute-145-mw/?lang=en,1,20170504,20170504
respectively,https://www.energia16.com/argentina-three-new-solar-power-projects-to-contribute-145-mw/?lang=en,1,20170504,20170504
comparison,https://www.energia16.com/argentina-three-new-solar-power-projects-to-contribute-145-mw/?lang=en,1,20170504,20170504
these,https://www.energia16.com/argentina-three-new-solar-power-projects-to-contribute-145-mw/?lang=en,1,20170504,20170504
solar,https://www.energia16.com/argentina-three-new-solar-power-projects-to-contribute-145-mw/?lang=en,1,20170504,20170504
energy,https://www.energia16.com/argentina-three-new-solar-power-projects-to-contribute-145-mw/?lang=en,1,20170504,20170504
projects,https://www.energia16.com/argentina-three-new-solar-power-projects-to-contribute-145-mw/?lang=en,1,20170504,20170504
equal,https://www.energia16.com/argentina-three-new-solar-power-projects-to-contribute-145-mw/?lang=en,1,20170504,20170504
generation,https://www.energia16.com/argentina-three-new-solar-power-projects-to-contribute-145-mw/?lang=en,1,20170504,20170504
other,https://www.energia16.com/argentina-three-new-solar-power-projects-to-contribute-145-mw/?lang=en,1,20170504,20170504
thermoelectric,https://www.energia16.com/argentina-three-new-solar-power-projects-to-contribute-145-mw/?lang=en,1,20170504,20170504
power,https://www.energia16.com/argentina-three-new-solar-power-projects-to-contribute-145-mw/?lang=en,1,20170504,20170504
stations,https://www.energia16.com/argentina-three-new-solar-power-projects-to-contribute-145-mw/?lang=en,1,20170504,20170504
owned,https://www.energia16.com/argentina-three-new-solar-power-projects-to-contribute-145-mw/?lang=en,1,20170504,20170504
albanesi,https://www.energia16.com/argentina-three-new-solar-power-projects-to-contribute-145-mw/?lang=en,1,20170504,20170504
group,https://www.energia16.com/argentina-three-new-solar-power-projects-to-contribute-145-mw/?lang=en,1,20170504,20170504
independencia,https://www.energia16.com/argentina-three-new-solar-power-projects-to-contribute-145-mw/?lang=en,1,20170504,20170504
tucuman,https://www.energia16.com/argentina-three-new-solar-power-projects-to-contribute-145-mw/?lang=en,1,20170504,20170504
with,https://www.energia16.com/argentina-three-new-solar-power-projects-to-contribute-145-mw/?lang=en,1,20170504,20170504
roca,https://www.energia16.com/argentina-three-new-solar-power-projects-to-contribute-145-mw/?lang=en,1,20170504,20170504
negro,https://www.energia16.com/argentina-three-new-solar-power-projects-to-contribute-145-mw/?lang=en,1,20170504,20170504
with,https://www.energia16.com/argentina-three-new-solar-power-projects-to-contribute-145-mw/?lang=en,1,20170504,20170504
solalban,https://www.energia16.com/argentina-three-new-solar-power-projects-to-contribute-145-mw/?lang=en,1,20170504,20170504
bahia,https://www.energia16.com/argentina-three-new-solar-power-projects-to-contribute-145-mw/?lang=en,1,20170504,20170504
blanca,https://www.energia16.com/argentina-three-new-solar-power-projects-to-contribute-145-mw/?lang=en,1,20170504,20170504
with,https://www.energia16.com/argentina-three-new-solar-power-projects-to-contribute-145-mw/?lang=en,1,20170504,20170504
official,https://www.energia16.com/argentina-three-new-solar-power-projects-to-contribute-145-mw/?lang=en,1,20170504,20170504
authorization,https://www.energia16.com/argentina-three-new-solar-power-projects-to-contribute-145-mw/?lang=en,1,20170504,20170504
mendoza,https://www.energia16.com/argentina-three-new-solar-power-projects-to-contribute-145-mw/?lang=en,1,20170504,20170504
salta,https://www.energia16.com/argentina-three-new-solar-power-projects-to-contribute-145-mw/?lang=en,1,20170504,20170504
solar,https://www.energia16.com/argentina-three-new-solar-power-projects-to-contribute-145-mw/?lang=en,1,20170504,20170504
power,https://www.energia16.com/argentina-three-new-solar-power-projects-to-contribute-145-mw/?lang=en,1,20170504,20170504
projects,https://www.energia16.com/argentina-three-new-solar-power-projects-to-contribute-145-mw/?lang=en,1,20170504,20170504
uidora,https://noticiaslasheras.com.ar/noticias.php?id=3991,1,20170504,20170504
electricidad,https://noticiaslasheras.com.ar/noticias.php?id=3991,1,20170504,20170504
mendoza,https://noticiaslasheras.com.ar/noticias.php?id=3991,1,20170504,20170504
fieldfare,https://noticiaslasheras.com.ar/noticias.php?id=3991,1,20170504,20170504
tanto,https://noticiaslasheras.com.ar/noticias.php?id=3991,1,20170504,20170504
aportara,https://noticiaslasheras.com.ar/noticias.php?id=3991,1,20170504,20170504
potencia,https://noticiaslasheras.com.ar/noticias.php?id=3991,1,20170504,20170504
nominal,https://noticiaslasheras.com.ar/noticias.php?id=3991,1,20170504,20170504
desde,https://noticiaslasheras.com.ar/noticias.php?id=3991,1,20170504,20170504
central,https://noticiaslasheras.com.ar/noticias.php?id=3991,1,20170504,20170504
instalada,https://noticiaslasheras.com.ar/noticias.php?id=3991,1,20170504,20170504
departamento,https://noticiaslasheras.com.ar/noticias.php?id=3991,1,20170504,20170504
salteno,https://noticiaslasheras.com.ar/noticias.php?id=3991,1,20170504,20170504
andes,https://noticiaslasheras.com.ar/noticias.php?id=3991,1,20170504,20170504
conectara,https://noticiaslasheras.com.ar/noticias.php?id=3991,1,20170504,20170504
sistema,https://noticiaslasheras.com.ar/noticias.php?id=3991,1,20170504,20170504
argentino,https://noticiaslasheras.com.ar/noticias.php?id=3991,1,20170504,20170504
interconexion,https://noticiaslasheras.com.ar/noticias.php?id=3991,1,20170504,20170504
traves,https://noticiaslasheras.com.ar/noticias.php?id=3991,1,20170504,20170504
linea,https://noticiaslasheras.com.ar/noticias.php?id=3991,1,20170504,20170504
alta,https://noticiaslasheras.com.ar/noticias.php?id=3991,1,20170504,20170504
tension,https://noticiaslasheras.com.ar/noticias.php?id=3991,1,20170504,20170504
cobosandes,https://noticiaslasheras.com.ar/noticias.php?id=3991,1,20170504,20170504
operada,https://noticiaslasheras.com.ar/noticias.php?id=3991,1,20170504,20170504
transportista,https://noticiaslasheras.com.ar/noticias.php?id=3991,1,20170504,20170504
internacional,https://noticiaslasheras.com.ar/noticias.php?id=3991,1,20170504,20170504
interandes,https://noticiaslasheras.com.ar/noticias.php?id=3991,1,20170504,20170504
suministro,https://noticiaslasheras.com.ar/noticias.php?id=3991,1,20170504,20170504
tres,https://noticiaslasheras.com.ar/noticias.php?id=3991,1,20170504,20170504
proyectos,https://noticiaslasheras.com.ar/noticias.php?id=3991,1,20170504,20170504
asimila,https://noticiaslasheras.com.ar/noticias.php?id=3991,1,20170504,20170504
central,https://noticiaslasheras.com.ar/noticias.php?id=3991,1,20170504,20170504
termoelectrica,https://noticiaslasheras.com.ar/noticias.php?id=3991,1,20170504,20170504
pequena,https://noticiaslasheras.com.ar/noticias.php?id=3991,1,20170504,20170504
bien,https://noticiaslasheras.com.ar/noticias.php?id=3991,1,20170504,20170504
supera,https://noticiaslasheras.com.ar/noticias.php?id=3991,1,20170504,20170504
ampliamente,https://noticiaslasheras.com.ar/noticias.php?id=3991,1,20170504,20170504
generadores,https://noticiaslasheras.com.ar/noticias.php?id=3991,1,20170504,20170504
como,https://noticiaslasheras.com.ar/noticias.php?id=3991,1,20170504,20170504
algunos,https://noticiaslasheras.com.ar/noticias.php?id=3991,1,20170504,20170504
pampa,https://noticiaslasheras.com.ar/noticias.php?id=3991,1,20170504,20170504
energia,https://noticiaslasheras.com.ar/noticias.php?id=3991,1,20170504,20170504
como,https://noticiaslasheras.com.ar/noticias.php?id=3991,1,20170504,20170504
piquirenda,https://noticiaslasheras.com.ar/noticias.php?id=3991,1,20170504,20170504
salta,https://noticiaslasheras.com.ar/noticias.php?id=3991,1,20170504,20170504
albanesi,https://noticiaslasheras.com.ar/noticias.php?id=3991,1,20170504,20170504
riojana,https://noticiaslasheras.com.ar/noticias.php?id=3991,1,20170504,20170504
rioja,https://noticiaslasheras.com.ar/noticias.php?id=3991,1,20170504,20170504
generacion,https://noticiaslasheras.com.ar/noticias.php?id=3991,1,20170504,20170504
frias,https://noticiaslasheras.com.ar/noticias.php?id=3991,1,20170504,20170504
banda,https://noticiaslasheras.com.ar/noticias.php?id=3991,1,20170504,20170504
santiago,https://noticiaslasheras.com.ar/noticias.php?id=3991,1,20170504,20170504
estero,https://noticiaslasheras.com.ar/noticias.php?id=3991,1,20170504,20170504
respectivamente,https://noticiaslasheras.com.ar/noticias.php?id=3991,1,20170504,20170504
modo,https://noticiaslasheras.com.ar/noticias.php?id=3991,1,20170504,20170504
comparacion,https://noticiaslasheras.com.ar/noticias.php?id=3991,1,20170504,20170504
nuevos,https://noticiaslasheras.com.ar/noticias.php?id=3991,1,20170504,20170504
emprendimientos,https://noticiaslasheras.com.ar/noticias.php?id=3991,1,20170504,20170504
solares,https://noticiaslasheras.com.ar/noticias.php?id=3991,1,20170504,20170504
equivalen,https://noticiaslasheras.com.ar/noticias.php?id=3991,1,20170504,20170504
asimismo,https://noticiaslasheras.com.ar/noticias.php?id=3991,1,20170504,20170504
otras,https://noticiaslasheras.com.ar/noticias.php?id=3991,1,20170504,20170504
tres,https://noticiaslasheras.com.ar/noticias.php?id=3991,1,20170504,20170504
centrales,https://noticiaslasheras.com.ar/noticias.php?id=3991,1,20170504,20170504
termicas,https://noticiaslasheras.com.ar/noticias.php?id=3991,1,20170504,20170504
mismo,https://noticiaslasheras.com.ar/noticias.php?id=3991,1,20170504,20170504
grupo,https://noticiaslasheras.com.ar/noticias.php?id=3991,1,20170504,20170504
albanesi,https://noticiaslasheras.com.ar/noticias.php?id=3991,1,20170504,20170504
independencia,https://noticiaslasheras.com.ar/noticias.php?id=3991,1,20170504,20170504
tucuman,https://noticiaslasheras.com.ar/noticias.php?id=3991,1,20170504,20170504
roca,https://noticiaslasheras.com.ar/noticias.php?id=3991,1,20170504,20170504
negro,https://noticiaslasheras.com.ar/noticias.php?id=3991,1,20170504,20170504
solalban,https://noticiaslasheras.com.ar/noticias.php?id=3991,1,20170504,20170504
bahia,https://noticiaslasheras.com.ar/noticias.php?id=3991,1,20170504,20170504
blanca,https://noticiaslasheras.com.ar/noticias.php?id=3991,1,20170504,20170504
autorizaciones,https://noticiaslasheras.com.ar/noticias.php?id=3991,1,20170504,20170504
oficiales,https://noticiaslasheras.com.ar/noticias.php?id=3991,1,20170504,20170504
centrales,https://noticiaslasheras.com.ar/noticias.php?id=3991,1,20170504,20170504
mendocinas,https://noticiaslasheras.com.ar/noticias.php?id=3991,1,20170504,20170504
saltena,https://noticiaslasheras.com.ar/noticias.php?id=3991,1,20170504,20170504
formalizaron,https://noticiaslasheras.com.ar/noticias.php?id=3991,1,20170504,20170504
para,http://www.lanueva.com/nota/2017-4-5-17-50-0-presentaron-dos-proyectos-de-parques-eolicos-para-bahia-blanca,1,20170504,20170504
bahia,http://www.lanueva.com/nota/2017-4-5-17-50-0-presentaron-dos-proyectos-de-parques-eolicos-para-bahia-blanca,1,20170504,20170504
blanca,http://www.lanueva.com/nota/2017-4-5-17-50-0-presentaron-dos-proyectos-de-parques-eolicos-para-bahia-blanca,1,20170504,20170504
intendente,http://www.lanueva.com/nota/2017-4-5-17-50-0-presentaron-dos-proyectos-de-parques-eolicos-para-bahia-blanca,1,20170504,20170504
hector,http://www.lanueva.com/nota/2017-4-5-17-50-0-presentaron-dos-proyectos-de-parques-eolicos-para-bahia-blanca,1,20170504,20170504
estuvo,http://www.lanueva.com/nota/2017-4-5-17-50-0-presentaron-dos-proyectos-de-parques-eolicos-para-bahia-blanca,1,20170504,20170504
titular,http://www.lanueva.com/nota/2017-4-5-17-50-0-presentaron-dos-proyectos-de-parques-eolicos-para-bahia-blanca,1,20170504,20170504
organismo,http://www.lanueva.com/nota/2017-4-5-17-50-0-presentaron-dos-proyectos-de-parques-eolicos-para-bahia-blanca,1,20170504,20170504
ambiental,http://www.lanueva.com/nota/2017-4-5-17-50-0-presentaron-dos-proyectos-de-parques-eolicos-para-bahia-blanca,1,20170504,20170504
provincia,http://www.lanueva.com/nota/2017-4-5-17-50-0-presentaron-dos-proyectos-de-parques-eolicos-para-bahia-blanca,1,20170504,20170504
ricardo,http://www.lanueva.com/nota/2017-4-5-17-50-0-presentaron-dos-proyectos-de-parques-eolicos-para-bahia-blanca,1,20170504,20170504
pagola,http://www.lanueva.com/nota/2017-4-5-17-50-0-presentaron-dos-proyectos-de-parques-eolicos-para-bahia-blanca,1,20170504,20170504
presentaron,http://www.lanueva.com/nota/2017-4-5-17-50-0-presentaron-dos-proyectos-de-parques-eolicos-para-bahia-blanca,1,20170504,20170504
proyectos,http://www.lanueva.com/nota/2017-4-5-17-50-0-presentaron-dos-proyectos-de-parques-eolicos-para-bahia-blanca,1,20170504,20170504
parques,http://www.lanueva.com/nota/2017-4-5-17-50-0-presentaron-dos-proyectos-de-parques-eolicos-para-bahia-blanca,1,20170504,20170504
eolicos,http://www.lanueva.com/nota/2017-4-5-17-50-0-presentaron-dos-proyectos-de-parques-eolicos-para-bahia-blanca,1,20170504,20170504
para,http://www.lanueva.com/nota/2017-4-5-17-50-0-presentaron-dos-proyectos-de-parques-eolicos-para-bahia-blanca,1,20170504,20170504
bahia,http://www.lanueva.com/nota/2017-4-5-17-50-0-presentaron-dos-proyectos-de-parques-eolicos-para-bahia-blanca,1,20170504,20170504
blanca,http://www.lanueva.com/nota/2017-4-5-17-50-0-presentaron-dos-proyectos-de-parques-eolicos-para-bahia-blanca,1,20170504,20170504
fotos,http://www.lanueva.com/nota/2017-4-5-17-50-0-presentaron-dos-proyectos-de-parques-eolicos-para-bahia-blanca,1,20170504,20170504
prensa,http://www.lanueva.com/nota/2017-4-5-17-50-0-presentaron-dos-proyectos-de-parques-eolicos-para-bahia-blanca,1,20170504,20170504
opds,http://www.lanueva.com/nota/2017-4-5-17-50-0-presentaron-dos-proyectos-de-parques-eolicos-para-bahia-blanca,1,20170504,20170504
intendente,http://www.lanueva.com/nota/2017-4-5-17-50-0-presentaron-dos-proyectos-de-parques-eolicos-para-bahia-blanca,1,20170504,20170504
bahia,http://www.lanueva.com/nota/2017-4-5-17-50-0-presentaron-dos-proyectos-de-parques-eolicos-para-bahia-blanca,1,20170504,20170504
blanca,http://www.lanueva.com/nota/2017-4-5-17-50-0-presentaron-dos-proyectos-de-parques-eolicos-para-bahia-blanca,1,20170504,20170504
hector,http://www.lanueva.com/nota/2017-4-5-17-50-0-presentaron-dos-proyectos-de-parques-eolicos-para-bahia-blanca,1,20170504,20170504
junto,http://www.lanueva.com/nota/2017-4-5-17-50-0-presentaron-dos-proyectos-de-parques-eolicos-para-bahia-blanca,1,20170504,20170504
titular,http://www.lanueva.com/nota/2017-4-5-17-50-0-presentaron-dos-proyectos-de-parques-eolicos-para-bahia-blanca,1,20170504,20170504
organismo,http://www.lanueva.com/nota/2017-4-5-17-50-0-presentaron-dos-proyectos-de-parques-eolicos-para-bahia-blanca,1,20170504,20170504
ambiental,http://www.lanueva.com/nota/2017-4-5-17-50-0-presentaron-dos-proyectos-de-parques-eolicos-para-bahia-blanca,1,20170504,20170504
provincia,http://www.lanueva.com/nota/2017-4-5-17-50-0-presentaron-dos-proyectos-de-parques-eolicos-para-bahia-blanca,1,20170504,20170504
ricardo,http://www.lanueva.com/nota/2017-4-5-17-50-0-presentaron-dos-proyectos-de-parques-eolicos-para-bahia-blanca,1,20170504,20170504
pagola,http://www.lanueva.com/nota/2017-4-5-17-50-0-presentaron-dos-proyectos-de-parques-eolicos-para-bahia-blanca,1,20170504,20170504
participaron,http://www.lanueva.com/nota/2017-4-5-17-50-0-presentaron-dos-proyectos-de-parques-eolicos-para-bahia-blanca,1,20170504,20170504
presentacion,http://www.lanueva.com/nota/2017-4-5-17-50-0-presentaron-dos-proyectos-de-parques-eolicos-para-bahia-blanca,1,20170504,20170504
proyectos,http://www.lanueva.com/nota/2017-4-5-17-50-0-presentaron-dos-proyectos-de-parques-eolicos-para-bahia-blanca,1,20170504,20170504
parques,http://www.lanueva.com/nota/2017-4-5-17-50-0-presentaron-dos-proyectos-de-parques-eolicos-para-bahia-blanca,1,20170504,20170504
eolicos,http://www.lanueva.com/nota/2017-4-5-17-50-0-presentaron-dos-proyectos-de-parques-eolicos-para-bahia-blanca,1,20170504,20170504
para,http://www.lanueva.com/nota/2017-4-5-17-50-0-presentaron-dos-proyectos-de-parques-eolicos-para-bahia-blanca,1,20170504,20170504
ciudad,http://www.lanueva.com/nota/2017-4-5-17-50-0-presentaron-dos-proyectos-de-parques-eolicos-para-bahia-blanca,1,20170504,20170504
trata,http://www.lanueva.com/nota/2017-4-5-17-50-0-presentaron-dos-proyectos-de-parques-eolicos-para-bahia-blanca,1,20170504,20170504
parque,http://www.lanueva.com/nota/2017-4-5-17-50-0-presentaron-dos-proyectos-de-parques-eolicos-para-bahia-blanca,1,20170504,20170504
eolico,http://www.lanueva.com/nota/2017-4-5-17-50-0-presentaron-dos-proyectos-de-parques-eolicos-para-bahia-blanca,1,20170504,20170504
corti,http://www.lanueva.com/nota/2017-4-5-17-50-0-presentaron-dos-proyectos-de-parques-eolicos-para-bahia-blanca,1,20170504,20170504
pampa,http://www.lanueva.com/nota/2017-4-5-17-50-0-presentaron-dos-proyectos-de-parques-eolicos-para-bahia-blanca,1,20170504,20170504
energia,http://www.lanueva.com/nota/2017-4-5-17-50-0-presentaron-dos-proyectos-de-parques-eolicos-para-bahia-blanca,1,20170504,20170504
parque,http://www.lanueva.com/nota/2017-4-5-17-50-0-presentaron-dos-proyectos-de-parques-eolicos-para-bahia-blanca,1,20170504,20170504
eolico,http://www.lanueva.com/nota/2017-4-5-17-50-0-presentaron-dos-proyectos-de-parques-eolicos-para-bahia-blanca,1,20170504,20170504
garcia,http://www.lanueva.com/nota/2017-4-5-17-50-0-presentaron-dos-proyectos-de-parques-eolicos-para-bahia-blanca,1,20170504,20170504
sowitec,http://www.lanueva.com/nota/2017-4-5-17-50-0-presentaron-dos-proyectos-de-parques-eolicos-para-bahia-blanca,1,20170504,20170504
envision,http://www.lanueva.com/nota/2017-4-5-17-50-0-presentaron-dos-proyectos-de-parques-eolicos-para-bahia-blanca,1,20170504,20170504
cuentan,http://www.lanueva.com/nota/2017-4-5-17-50-0-presentaron-dos-proyectos-de-parques-eolicos-para-bahia-blanca,1,20170504,20170504
aprobacion,http://www.lanueva.com/nota/2017-4-5-17-50-0-presentaron-dos-proyectos-de-parques-eolicos-para-bahia-blanca,1,20170504,20170504
organismo,http://www.lanueva.com/nota/2017-4-5-17-50-0-presentaron-dos-proyectos-de-parques-eolicos-para-bahia-blanca,1,20170504,20170504
provincial,http://www.lanueva.com/nota/2017-4-5-17-50-0-presentaron-dos-proyectos-de-parques-eolicos-para-bahia-blanca,1,20170504,20170504
para,http://www.lanueva.com/nota/2017-4-5-17-50-0-presentaron-dos-proyectos-de-parques-eolicos-para-bahia-blanca,1,20170504,20170504
desarrollo,http://www.lanueva.com/nota/2017-4-5-17-50-0-presentaron-dos-proyectos-de-parques-eolicos-para-bahia-blanca,1,20170504,20170504
sostenible,http://www.lanueva.com/nota/2017-4-5-17-50-0-presentaron-dos-proyectos-de-parques-eolicos-para-bahia-blanca,1,20170504,20170504
opds,http://www.lanueva.com/nota/2017-4-5-17-50-0-presentaron-dos-proyectos-de-parques-eolicos-para-bahia-blanca,1,20170504,20170504
esto,http://www.lanueva.com/nota/2017-4-5-17-50-0-presentaron-dos-proyectos-de-parques-eolicos-para-bahia-blanca,1,20170504,20170504
venido,http://www.lanueva.com/nota/2017-4-5-17-50-0-presentaron-dos-proyectos-de-parques-eolicos-para-bahia-blanca,1,20170504,20170504
cambiar,http://www.lanueva.com/nota/2017-4-5-17-50-0-presentaron-dos-proyectos-de-parques-eolicos-para-bahia-blanca,1,20170504,20170504
paradigmas,http://www.lanueva.com/nota/2017-4-5-17-50-0-presentaron-dos-proyectos-de-parques-eolicos-para-bahia-blanca,1,20170504,20170504
energeticos,http://www.lanueva.com/nota/2017-4-5-17-50-0-presentaron-dos-proyectos-de-parques-eolicos-para-bahia-blanca,1,20170504,20170504
particularmente,http://www.lanueva.com/nota/2017-4-5-17-50-0-presentaron-dos-proyectos-de-parques-eolicos-para-bahia-blanca,1,20170504,20170504
bahia,http://www.lanueva.com/nota/2017-4-5-17-50-0-presentaron-dos-proyectos-de-parques-eolicos-para-bahia-blanca,1,20170504,20170504
blanca,http://www.lanueva.com/nota/2017-4-5-17-50-0-presentaron-dos-proyectos-de-parques-eolicos-para-bahia-blanca,1,20170504,20170504
toda,http://www.lanueva.com/nota/2017-4-5-17-50-0-presentaron-dos-proyectos-de-parques-eolicos-para-bahia-blanca,1,20170504,20170504
region,http://www.lanueva.com/nota/2017-4-5-17-50-0-presentaron-dos-proyectos-de-parques-eolicos-para-bahia-blanca,1,20170504,20170504
provincia,http://www.lanueva.com/nota/2017-4-5-17-50-0-presentaron-dos-proyectos-de-parques-eolicos-para-bahia-blanca,1,20170504,20170504
tenemos,http://www.lanueva.com/nota/2017-4-5-17-50-0-presentaron-dos-proyectos-de-parques-eolicos-para-bahia-blanca,1,20170504,20170504
grandes,http://www.lanueva.com/nota/2017-4-5-17-50-0-presentaron-dos-proyectos-de-parques-eolicos-para-bahia-blanca,1,20170504,20170504
esperanzas,http://www.lanueva.com/nota/2017-4-5-17-50-0-presentaron-dos-proyectos-de-parques-eolicos-para-bahia-blanca,1,20170504,20170504
esta,http://www.lanueva.com/nota/2017-4-5-17-50-0-presentaron-dos-proyectos-de-parques-eolicos-para-bahia-blanca,1,20170504,20170504
zona,http://www.lanueva.com/nota/2017-4-5-17-50-0-presentaron-dos-proyectos-de-parques-eolicos-para-bahia-blanca,1,20170504,20170504
convierta,http://www.lanueva.com/nota/2017-4-5-17-50-0-presentaron-dos-proyectos-de-parques-eolicos-para-bahia-blanca,1,20170504,20170504
epicentro,http://www.lanueva.com/nota/2017-4-5-17-50-0-presentaron-dos-proyectos-de-parques-eolicos-para-bahia-blanca,1,20170504,20170504
energia,http://www.lanueva.com/nota/2017-4-5-17-50-0-presentaron-dos-proyectos-de-parques-eolicos-para-bahia-blanca,1,20170504,20170504
eolica,http://www.lanueva.com/nota/2017-4-5-17-50-0-presentaron-dos-proyectos-de-parques-eolicos-para-bahia-blanca,1,20170504,20170504
pais,http://www.lanueva.com/nota/2017-4-5-17-50-0-presentaron-dos-proyectos-de-parques-eolicos-para-bahia-blanca,1,20170504,20170504
dijo,http://www.lanueva.com/nota/2017-4-5-17-50-0-presentaron-dos-proyectos-de-parques-eolicos-para-bahia-blanca,1,20170504,20170504
quiero,http://www.lanueva.com/nota/2017-4-5-17-50-0-presentaron-dos-proyectos-de-parques-eolicos-para-bahia-blanca,1,20170504,20170504
agradecer,http://www.lanueva.com/nota/2017-4-5-17-50-0-presentaron-dos-proyectos-de-parques-eolicos-para-bahia-blanca,1,20170504,20170504
opds,http://www.lanueva.com/nota/2017-4-5-17-50-0-presentaron-dos-proyectos-de-parques-eolicos-para-bahia-blanca,1,20170504,20170504
solo,http://www.lanueva.com/nota/2017-4-5-17-50-0-presentaron-dos-proyectos-de-parques-eolicos-para-bahia-blanca,1,20170504,20170504
asesoramiento,http://www.lanueva.com/nota/2017-4-5-17-50-0-presentaron-dos-proyectos-de-parques-eolicos-para-bahia-blanca,1,20170504,20170504
este,http://www.lanueva.com/nota/2017-4-5-17-50-0-presentaron-dos-proyectos-de-parques-eolicos-para-bahia-blanca,1,20170504,20170504
tema,http://www.lanueva.com/nota/2017-4-5-17-50-0-presentaron-dos-proyectos-de-parques-eolicos-para-bahia-blanca,1,20170504,20170504
sino,http://www.lanueva.com/nota/2017-4-5-17-50-0-presentaron-dos-proyectos-de-parques-eolicos-para-bahia-blanca,1,20170504,20170504
terminadas,https://www.eventbrite.com.ar/e/curso-resolucion-srt-86115-protocolo-de-sustancias-quimicas-tickets-33566556474,1,20170504,20170504
detalles,https://www.eventbrite.com.ar/e/curso-resolucion-srt-86115-protocolo-de-sustancias-quimicas-tickets-33566556474,1,20170504,20170504
informacion,https://www.eventbrite.com.ar/e/curso-resolucion-srt-86115-protocolo-de-sustancias-quimicas-tickets-33566556474,1,20170504,20170504
sobre,https://www.eventbrite.com.ar/e/curso-resolucion-srt-86115-protocolo-de-sustancias-quimicas-tickets-33566556474,1,20170504,20170504
evento,https://www.eventbrite.com.ar/e/curso-resolucion-srt-86115-protocolo-de-sustancias-quimicas-tickets-33566556474,1,20170504,20170504
difundir,https://www.eventbrite.com.ar/e/curso-resolucion-srt-86115-protocolo-de-sustancias-quimicas-tickets-33566556474,1,20170504,20170504
este,https://www.eventbrite.com.ar/e/curso-resolucion-srt-86115-protocolo-de-sustancias-quimicas-tickets-33566556474,1,20170504,20170504
evento,https://www.eventbrite.com.ar/e/curso-resolucion-srt-86115-protocolo-de-sustancias-quimicas-tickets-33566556474,1,20170504,20170504
fecha,https://www.eventbrite.com.ar/e/curso-resolucion-srt-86115-protocolo-de-sustancias-quimicas-tickets-33566556474,1,20170504,20170504
hora,https://www.eventbrite.com.ar/e/curso-resolucion-srt-86115-protocolo-de-sustancias-quimicas-tickets-33566556474,1,20170504,20170504
mayo,https://www.eventbrite.com.ar/e/curso-resolucion-srt-86115-protocolo-de-sustancias-quimicas-tickets-33566556474,1,20170504,20170504
anadir,https://www.eventbrite.com.ar/e/curso-resolucion-srt-86115-protocolo-de-sustancias-quimicas-tickets-33566556474,1,20170504,20170504
calendario,https://www.eventbrite.com.ar/e/curso-resolucion-srt-86115-protocolo-de-sustancias-quimicas-tickets-33566556474,1,20170504,20170504
descripcion,https://www.eventbrite.com.ar/e/curso-resolucion-srt-86115-protocolo-de-sustancias-quimicas-tickets-33566556474,1,20170504,20170504
evento,https://www.eventbrite.com.ar/e/curso-resolucion-srt-86115-protocolo-de-sustancias-quimicas-tickets-33566556474,1,20170504,20170504
descripcion,https://www.eventbrite.com.ar/e/curso-resolucion-srt-86115-protocolo-de-sustancias-quimicas-tickets-33566556474,1,20170504,20170504
curso,https://www.eventbrite.com.ar/e/curso-resolucion-srt-86115-protocolo-de-sustancias-quimicas-tickets-33566556474,1,20170504,20170504
dirigido,https://www.eventbrite.com.ar/e/curso-resolucion-srt-86115-protocolo-de-sustancias-quimicas-tickets-33566556474,1,20170504,20170504
estudiantes,https://www.eventbrite.com.ar/e/curso-resolucion-srt-86115-protocolo-de-sustancias-quimicas-tickets-33566556474,1,20170504,20170504
tecnicos,https://www.eventbrite.com.ar/e/curso-resolucion-srt-86115-protocolo-de-sustancias-quimicas-tickets-33566556474,1,20170504,20170504
profesionales,https://www.eventbrite.com.ar/e/curso-resolucion-srt-86115-protocolo-de-sustancias-quimicas-tickets-33566556474,1,20170504,20170504
carrera,https://www.eventbrite.com.ar/e/curso-resolucion-srt-86115-protocolo-de-sustancias-quimicas-tickets-33566556474,1,20170504,20170504
seguridad,https://www.eventbrite.com.ar/e/curso-resolucion-srt-86115-protocolo-de-sustancias-quimicas-tickets-33566556474,1,20170504,20170504
higiene,https://www.eventbrite.com.ar/e/curso-resolucion-srt-86115-protocolo-de-sustancias-quimicas-tickets-33566556474,1,20170504,20170504
trabajo,https://www.eventbrite.com.ar/e/curso-resolucion-srt-86115-protocolo-de-sustancias-quimicas-tickets-33566556474,1,20170504,20170504
expositorr,https://www.eventbrite.com.ar/e/curso-resolucion-srt-86115-protocolo-de-sustancias-quimicas-tickets-33566556474,1,20170504,20170504
gustavo,https://www.eventbrite.com.ar/e/curso-resolucion-srt-86115-protocolo-de-sustancias-quimicas-tickets-33566556474,1,20170504,20170504
viglieri,https://www.eventbrite.com.ar/e/curso-resolucion-srt-86115-protocolo-de-sustancias-quimicas-tickets-33566556474,1,20170504,20170504
higienista,https://www.eventbrite.com.ar/e/curso-resolucion-srt-86115-protocolo-de-sustancias-quimicas-tickets-33566556474,1,20170504,20170504
ocupacional,https://www.eventbrite.com.ar/e/curso-resolucion-srt-86115-protocolo-de-sustancias-quimicas-tickets-33566556474,1,20170504,20170504
higienista,https://www.eventbrite.com.ar/e/curso-resolucion-srt-86115-protocolo-de-sustancias-quimicas-tickets-33566556474,1,20170504,20170504
laboral,https://www.eventbrite.com.ar/e/curso-resolucion-srt-86115-protocolo-de-sustancias-quimicas-tickets-33566556474,1,20170504,20170504
consultor,https://www.eventbrite.com.ar/e/curso-resolucion-srt-86115-protocolo-de-sustancias-quimicas-tickets-33566556474,1,20170504,20170504
higiene,https://www.eventbrite.com.ar/e/curso-resolucion-srt-86115-protocolo-de-sustancias-quimicas-tickets-33566556474,1,20170504,20170504
ocupacional,https://www.eventbrite.com.ar/e/curso-resolucion-srt-86115-protocolo-de-sustancias-quimicas-tickets-33566556474,1,20170504,20170504
ledesma,https://www.eventbrite.com.ar/e/curso-resolucion-srt-86115-protocolo-de-sustancias-quimicas-tickets-33566556474,1,20170504,20170504
saai,https://www.eventbrite.com.ar/e/curso-resolucion-srt-86115-protocolo-de-sustancias-quimicas-tickets-33566556474,1,20170504,20170504
consultor,https://www.eventbrite.com.ar/e/curso-resolucion-srt-86115-protocolo-de-sustancias-quimicas-tickets-33566556474,1,20170504,20170504
higiene,https://www.eventbrite.com.ar/e/curso-resolucion-srt-86115-protocolo-de-sustancias-quimicas-tickets-33566556474,1,20170504,20170504
ocupacional,https://www.eventbrite.com.ar/e/curso-resolucion-srt-86115-protocolo-de-sustancias-quimicas-tickets-33566556474,1,20170504,20170504
pampa,https://www.eventbrite.com.ar/e/curso-resolucion-srt-86115-protocolo-de-sustancias-quimicas-tickets-33566556474,1,20170504,20170504
energia,https://www.eventbrite.com.ar/e/curso-resolucion-srt-86115-protocolo-de-sustancias-quimicas-tickets-33566556474,1,20170504,20170504
vice,https://www.eventbrite.com.ar/e/curso-resolucion-srt-86115-protocolo-de-sustancias-quimicas-tickets-33566556474,1,20170504,20170504
presidente,https://www.eventbrite.com.ar/e/curso-resolucion-srt-86115-protocolo-de-sustancias-quimicas-tickets-33566556474,1,20170504,20170504
asociacion,https://www.eventbrite.com.ar/e/curso-resolucion-srt-86115-protocolo-de-sustancias-quimicas-tickets-33566556474,1,20170504,20170504
argentina,https://www.eventbrite.com.ar/e/curso-resolucion-srt-86115-protocolo-de-sustancias-quimicas-tickets-33566556474,1,20170504,20170504
higiene,https://www.eventbrite.com.ar/e/curso-resolucion-srt-86115-protocolo-de-sustancias-quimicas-tickets-33566556474,1,20170504,20170504
ocupacional,https://www.eventbrite.com.ar/e/curso-resolucion-srt-86115-protocolo-de-sustancias-quimicas-tickets-33566556474,1,20170504,20170504
miembro,https://www.eventbrite.com.ar/e/curso-resolucion-srt-86115-protocolo-de-sustancias-quimicas-tickets-33566556474,1,20170504,20170504
junta,https://www.eventbrite.com.ar/e/curso-resolucion-srt-86115-protocolo-de-sustancias-quimicas-tickets-33566556474,1,20170504,20170504
asociacion,https://www.eventbrite.com.ar/e/curso-resolucion-srt-86115-protocolo-de-sustancias-quimicas-tickets-33566556474,1,20170504,20170504
internacional,https://www.eventbrite.com.ar/e/curso-resolucion-srt-86115-protocolo-de-sustancias-quimicas-tickets-33566556474,1,20170504,20170504
higiene,https://www.eventbrite.com.ar/e/curso-resolucion-srt-86115-protocolo-de-sustancias-quimicas-tickets-33566556474,1,20170504,20170504
ocupacional,https://www.eventbrite.com.ar/e/curso-resolucion-srt-86115-protocolo-de-sustancias-quimicas-tickets-33566556474,1,20170504,20170504
objetivos,https://www.eventbrite.com.ar/e/curso-resolucion-srt-86115-protocolo-de-sustancias-quimicas-tickets-33566556474,1,20170504,20170504
trasnmitir,https://www.eventbrite.com.ar/e/curso-resolucion-srt-86115-protocolo-de-sustancias-quimicas-tickets-33566556474,1,20170504,20170504
conocimiento,https://www.eventbrite.com.ar/e/curso-resolucion-srt-86115-protocolo-de-sustancias-quimicas-tickets-33566556474,1,20170504,20170504
necesario,https://www.eventbrite.com.ar/e/curso-resolucion-srt-86115-protocolo-de-sustancias-quimicas-tickets-33566556474,1,20170504,20170504
para,https://www.eventbrite.com.ar/e/curso-resolucion-srt-86115-protocolo-de-sustancias-quimicas-tickets-33566556474,1,20170504,20170504
completar,https://www.eventbrite.com.ar/e/curso-resolucion-srt-86115-protocolo-de-sustancias-quimicas-tickets-33566556474,1,20170504,20170504
protocolo,https://www.eventbrite.com.ar/e/curso-resolucion-srt-86115-protocolo-de-sustancias-quimicas-tickets-33566556474,1,20170504,20170504
permitan,https://www.eventbrite.com.ar/e/curso-resolucion-srt-86115-protocolo-de-sustancias-quimicas-tickets-33566556474,1,20170504,20170504
realizacion,https://www.eventbrite.com.ar/e/curso-resolucion-srt-86115-protocolo-de-sustancias-quimicas-tickets-33566556474,1,20170504,20170504
personal,https://www.eventbrite.com.ar/e/curso-resolucion-srt-86115-protocolo-de-sustancias-quimicas-tickets-33566556474,1,20170504,20170504
propio,https://www.eventbrite.com.ar/e/curso-resolucion-srt-86115-protocolo-de-sustancias-quimicas-tickets-33566556474,1,20170504,20170504
empresa,https://www.eventbrite.com.ar/e/curso-resolucion-srt-86115-protocolo-de-sustancias-quimicas-tickets-33566556474,1,20170504,20170504
auditar,https://www.eventbrite.com.ar/e/curso-resolucion-srt-86115-protocolo-de-sustancias-quimicas-tickets-33566556474,1,20170504,20170504
realizado,https://www.eventbrite.com.ar/e/curso-resolucion-srt-86115-protocolo-de-sustancias-quimicas-tickets-33566556474,1,20170504,20170504
contratistas,https://www.eventbrite.com.ar/e/curso-resolucion-srt-86115-protocolo-de-sustancias-quimicas-tickets-33566556474,1,20170504,20170504
externos,https://www.eventbrite.com.ar/e/curso-resolucion-srt-86115-protocolo-de-sustancias-quimicas-tickets-33566556474,1,20170504,20170504
metodologia,https://www.eventbrite.com.ar/e/curso-resolucion-srt-86115-protocolo-de-sustancias-quimicas-tickets-33566556474,1,20170504,20170504
actividades,https://www.eventbrite.com.ar/e/curso-resolucion-srt-86115-protocolo-de-sustancias-quimicas-tickets-33566556474,1,20170504,20170504
alumnos,https://www.eventbrite.com.ar/e/curso-resolucion-srt-86115-protocolo-de-sustancias-quimicas-tickets-33566556474,1,20170504,20170504
clases,https://www.eventbrite.com.ar/e/curso-resolucion-srt-86115-protocolo-de-sustancias-quimicas-tickets-33566556474,1,20170504,20170504
activas,https://www.eventbrite.com.ar/e/curso-resolucion-srt-86115-protocolo-de-sustancias-quimicas-tickets-33566556474,1,20170504,20170504
teorico,https://www.eventbrite.com.ar/e/curso-resolucion-srt-86115-protocolo-de-sustancias-quimicas-tickets-33566556474,1,20170504,20170504
practicas,https://www.eventbrite.com.ar/e/curso-resolucion-srt-86115-protocolo-de-sustancias-quimicas-tickets-33566556474,1,20170504,20170504
fomentaran,https://www.eventbrite.com.ar/e/curso-resolucion-srt-86115-protocolo-de-sustancias-quimicas-tickets-33566556474,1,20170504,20170504
interaccion,https://www.eventbrite.com.ar/e/curso-resolucion-srt-86115-protocolo-de-sustancias-quimicas-tickets-33566556474,1,20170504,20170504
